{"id":584257,"laps":[{"lapNumber":0,"telemetry":[{"perc":0,"percD":0.0070922,"t":450493},{"perc":0.0149305,"percD":0.00010589,"t":450501}]}]}