{"id":579268,"laps":[{"lapNumber":0,"telemetry":[{"perc":0,"percD":0.0070922,"t":353321},{"perc":1.00032,"percD":0.00709447,"t":353329}]}]}