{"id":792156,"laps":[{"lapNumber":15,"telemetry":[{"perc":0.0400087,"percD":0.000512932,"t":194481}]}]}