{"id":402468,"laps":[{"lapNumber":0,"telemetry":[{"perc":0,"percD":0.0322581,"t":453390},{"perc":0.0515469,"percD":0.00161084,"t":453391}]}]}