{"id":732815,"laps":[{"lapNumber":0,"telemetry":[{"perc":0,"percD":0.00714286,"t":350072},{"perc":0.978478,"percD":0.00623234,"t":350081}]}]}