{"id":422924,"laps":[{"lapNumber":0,"telemetry":[{"perc":0,"percD":0.0070922,"t":459934},{"perc":0.0198755,"percD":0.000141968,"t":459942}]}]}