{"id":717204,"laps":[{"lapNumber":0,"telemetry":[{"perc":0,"percD":0.00714286,"t":269486},{"perc":0.0373956,"percD":0.000265217,"t":269495}]}]}