{"id":643236,"laps":[{"lapNumber":0,"telemetry":[{"perc":0,"percD":0.0070922,"t":353388},{"perc":0.995905,"percD":0.00706316,"t":353396}]}]}