{"id":204390,"laps":[{"lapNumber":13,"telemetry":[{"perc":0.0387475,"percD":0.000496763,"t":194481}]}]}