{"id":174470,"laps":[{"lapNumber":15,"telemetry":[{"perc":0.032179,"percD":0.000412551,"t":194481}]}]}