{"id":822137,"laps":[{"lapNumber":11,"telemetry":[{"perc":0.0297499,"percD":0.000381409,"t":194481}]}]}