{"id":712262,"laps":[{"lapNumber":0,"telemetry":[{"perc":0,"percD":0.0070922,"t":349792},{"perc":0.972692,"percD":0.0069478,"t":349800}]}]}