{"id":379117,"laps":[{"lapNumber":0,"telemetry":[{"perc":0,"percD":0.0070922,"t":434575},{"perc":0.0185865,"percD":0.000119144,"t":434584}]}]}