{"id":638563,"laps":[{"lapNumber":23,"telemetry":[{"perc":0.0605878,"percD":0.000776767,"t":194481}]}]}