{"id":217326,"laps":[{"lapNumber":0,"telemetry":[{"perc":0,"percD":0.0322581,"t":453633},{"perc":0.0361922,"percD":0.00116749,"t":453635}]}]}