{"id":217326,"laps":[{"lapNumber":0,"telemetry":[{"perc":0,"percD":0.0070922,"t":452992},{"perc":0.0330477,"percD":0.000236055,"t":453000}]}]}