{"id":732815,"laps":[{"lapNumber":23,"telemetry":[{"perc":0.0515469,"percD":0.000660858,"t":194481}]}]}