{"id":786392,"laps":[{"lapNumber":12,"telemetry":[{"perc":0.0476957,"percD":0.000611484,"t":194481}]}]}