{"id":402468,"laps":[{"lapNumber":0,"telemetry":[{"perc":0,"percD":0.00641026,"t":435570},{"perc":0.0358459,"percD":0.000254226,"t":435579}]}]}