{"id":402468,"laps":[{"lapNumber":0,"telemetry":[{"perc":0,"percD":0.0070922,"t":457402},{"perc":0.0231665,"percD":0.000165475,"t":457410}]}]}