{"id":204390,"laps":[{"lapNumber":0,"telemetry":[{"perc":0,"percD":0.00641026,"t":338758},{"perc":0.990066,"percD":0.00792053,"t":338766}]}]}