{"id":115698,"laps":[{"lapNumber":0,"telemetry":[{"perc":0,"percD":0.0070922,"t":436583},{"perc":0.0277384,"percD":0.00017781,"t":436592},{"perc":0.0302735,"percD":0.00000245544,"t":437338}]}]}