{"id":769475,"laps":[{"lapNumber":0,"telemetry":[{"perc":0,"percD":0.0070922,"t":343071},{"perc":0.982826,"percD":0.00702018,"t":343080}]}]}