{"id":522124,"laps":[{"lapNumber":15,"telemetry":[{"perc":0.0425649,"percD":0.000545703,"t":194481}]}]}