{"id":579268,"laps":[{"lapNumber":19,"telemetry":[{"perc":0.0463319,"percD":0.000593999,"t":194481}]}]}