{"id":786348,"laps":[{"lapNumber":21,"telemetry":[{"perc":0.090212,"percD":0.00196113,"t":191465}]}]}