{"id":174470,"laps":[{"lapNumber":0,"telemetry":[{"perc":0,"percD":0.0070922,"t":411067},{"perc":0.0376343,"percD":0.000301074,"t":411075}]}]}