{"id":732815,"laps":[{"lapNumber":0,"telemetry":[{"perc":0,"percD":0.0070922,"t":453374},{"perc":0.0379939,"percD":0.000271385,"t":453383}]}]}