{"id":148006,"laps":[{"lapNumber":30,"telemetry":[{"perc":0.0939142,"percD":0.00204161,"t":191465}]}]}