{"id":217326,"laps":[{"lapNumber":7,"telemetry":[{"perc":0.0842119,"percD":0.00183069,"t":191465}]}]}