{"id":174470,"laps":[{"lapNumber":0,"telemetry":[{"perc":0,"percD":0.00714286,"t":456180},{"perc":0.0314009,"percD":0.000222702,"t":456188}]}]}