{"id":592526,"laps":[{"lapNumber":0,"telemetry":[{"perc":0,"percD":0.0070922,"t":408775},{"perc":0.0309529,"percD":0.000219524,"t":408783}]}]}