{"id":799856,"laps":[{"lapNumber":0,"telemetry":[{"perc":0,"percD":0.03125,"t":277731},{"perc":0.0486957,"percD":0.00157083,"t":277733}]}]}