{"id":174470,"laps":[{"lapNumber":0,"telemetry":[{"perc":0,"percD":0.0322581,"t":453841},{"perc":0.0451349,"percD":0.00145597,"t":453843}]}]}