{"id":582569,"laps":[{"lapNumber":0,"telemetry":[{"perc":0,"percD":0.03125,"t":402419},{"perc":0.0519579,"percD":0.00167606,"t":402421}]}]}