{"id":769475,"laps":[{"lapNumber":0,"telemetry":[{"perc":0,"percD":0.0322581,"t":451435},{"perc":0.0387475,"percD":0.00124992,"t":451437}]}]}