{"id":115698,"laps":[{"lapNumber":0,"telemetry":[{"perc":0,"percD":0.0070922,"t":267656},{"perc":0.0305657,"percD":0.000218326,"t":267664},{"perc":0.0400595,"percD":0.00000124781,"t":268252}]}]}