{"id":557804,"laps":[{"lapNumber":0,"telemetry":[{"perc":0,"percD":0.008,"t":268562},{"perc":0.0391422,"percD":0.000277604,"t":268571},{"perc":0.0400966,"percD":0.00000173931,"t":269940},{"perc":0.0500698,"percD":5.11961e-7,"t":270266}]}]}