{"id":717204,"laps":[{"lapNumber":0,"telemetry":[{"perc":0,"percD":0.0070922,"t":455786},{"perc":0.98934,"percD":0.00706671,"t":455795}]}]}