{"id":732815,"laps":[{"lapNumber":0,"telemetry":[{"perc":0,"percD":0.0070922,"t":420330},{"perc":0.0342914,"percD":0.000243201,"t":420338}]}]}