{"id":747083,"laps":[{"lapNumber":0,"telemetry":[{"perc":0,"percD":0.008,"t":413361},{"perc":0.0159388,"percD":0.000113848,"t":413369}]}]}