{"id":821040,"laps":[{"lapNumber":0,"telemetry":[{"perc":0,"percD":0.0322581,"t":407261},{"perc":0.0340093,"percD":0.00109707,"t":407263}]}]}