{"id":484369,"laps":[{"lapNumber":0,"telemetry":[{"perc":0,"percD":0.0070922,"t":267396},{"perc":0.0246385,"percD":0.000175989,"t":267404}]}]}