{"id":638244,"laps":[{"lapNumber":0,"telemetry":[{"perc":0,"percD":0.0212766,"t":21799},{"perc":0.0119107,"percD":0.000258929,"t":21801}]}]}