{"id":821040,"laps":[{"lapNumber":0,"telemetry":[{"perc":0,"percD":0.008,"t":405985},{"perc":0.0176071,"percD":0.000124873,"t":405993},{"perc":0.0201564,"percD":0.00000273501,"t":406341},{"perc":0.0302771,"percD":0.00000282111,"t":406756}]}]}