{"id":717204,"laps":[{"lapNumber":0,"telemetry":[{"perc":0,"percD":0.008,"t":420677},{"perc":0.0326236,"percD":0.000231373,"t":420686}]}]}