{"id":174470,"laps":[{"lapNumber":0,"telemetry":[{"perc":0,"percD":0.00714286,"t":256534},{"perc":0.045961,"percD":0.000325965,"t":256542}]}]}