{"id":217326,"laps":[{"lapNumber":0,"telemetry":[{"perc":0,"percD":0.00641026,"t":437211},{"perc":0.0196027,"percD":0.000125658,"t":437221}]}]}