{"id":110512,"laps":[{"lapNumber":19,"telemetry":[{"perc":0.0567377,"percD":0.000727406,"t":194481}]}]}