{"id":732815,"laps":[{"lapNumber":0,"telemetry":[{"perc":0,"percD":0.00636943,"t":436108},{"perc":0.020618,"percD":0.000132167,"t":436117}]}]}