{"id":422924,"laps":[{"lapNumber":12,"telemetry":[{"perc":0.031034,"percD":0.000397872,"t":194481}]}]}