{"id":110512,"laps":[{"lapNumber":0,"telemetry":[{"perc":0,"percD":0.00714286,"t":459527},{"perc":0.024814,"percD":0.000198512,"t":459536}]}]}