{"id":584257,"laps":[{"lapNumber":0,"telemetry":[{"perc":0,"percD":0.00641026,"t":434521},{"perc":0.0348338,"percD":0.000221871,"t":434530}]}]}