{"id":584257,"laps":[{"lapNumber":0,"telemetry":[{"perc":0,"percD":0.03125,"t":453599},{"perc":0.0605878,"percD":0.00195445,"t":453601}]}]}