{"id":115698,"laps":[{"lapNumber":21,"telemetry":[{"perc":0.0489797,"percD":0.000627945,"t":194481}]}]}