{"id":717204,"laps":[{"lapNumber":0,"telemetry":[{"perc":0,"percD":0.0322581,"t":404713},{"perc":0.0486961,"percD":0.00157084,"t":404715}]}]}