{"id":357760,"laps":[{"lapNumber":0,"telemetry":[{"perc":0,"percD":0.0322581,"t":268282},{"perc":0.0438014,"percD":0.00141295,"t":268284}]}]}