{"id":148006,"laps":[{"lapNumber":0,"telemetry":[{"perc":0,"percD":0.0070922,"t":470326},{"perc":0.0599335,"percD":0.000479468,"t":470334},{"perc":0.0600079,"percD":4.53293e-7,"t":470591}]}]}