{"id":522124,"laps":[{"lapNumber":0,"telemetry":[{"perc":0,"percD":0.0070922,"t":434230},{"perc":0.0145277,"percD":0.00010377,"t":434239}]}]}