{"id":444890,"laps":[{"lapNumber":0,"telemetry":[{"perc":0,"percD":0.008,"t":469421},{"perc":0.0842129,"percD":0.000597255,"t":469429}]}]}