{"id":462155,"laps":[{"lapNumber":0,"telemetry":[{"perc":0,"percD":0.0070922,"t":459029},{"perc":0.0116331,"percD":0.0000830933,"t":459037}]}]}