{"id":115698,"laps":[{"lapNumber":0,"telemetry":[{"perc":0,"percD":0.0322581,"t":253068},{"perc":0.0346971,"percD":0.00111926,"t":253070},{"perc":0.0400221,"percD":0.00000188788,"t":254029}]}]}