{"id":422924,"laps":[{"lapNumber":0,"telemetry":[{"perc":0,"percD":0.00714286,"t":254067},{"perc":0.0271254,"percD":0.000192379,"t":254075}]}]}