{"id":402468,"laps":[{"lapNumber":0,"telemetry":[{"perc":0,"percD":0.0070922,"t":451474},{"perc":0.986483,"percD":0.00704631,"t":451482}]}]}