{"id":779031,"laps":[{"lapNumber":0,"telemetry":[{"perc":0,"percD":0.0070922,"t":461218},{"perc":0.997802,"percD":0.00798242,"t":461226}]}]}