{"id":747083,"laps":[{"lapNumber":0,"telemetry":[{"perc":0,"percD":0.0322581,"t":410659},{"perc":0.0470638,"percD":0.00151819,"t":410661}]}]}