{"id":615828,"laps":[{"lapNumber":11,"telemetry":[{"perc":0.0449235,"percD":0.000575942,"t":194481}]}]}