{"id":747083,"laps":[{"lapNumber":0,"telemetry":[{"perc":0,"percD":0.00714286,"t":449650},{"perc":0.977926,"percD":0.00693564,"t":449658}]}]}