{"id":227791,"laps":[{"lapNumber":22,"telemetry":[{"perc":0.0557712,"percD":0.00121242,"t":191465}]}]}