{"id":462155,"laps":[{"lapNumber":10,"telemetry":[{"perc":0.0618676,"percD":0.000793174,"t":194481}]}]}