{"id":680722,"laps":[{"lapNumber":0,"telemetry":[{"perc":0,"percD":0.00714286,"t":469147},{"perc":0.0770838,"percD":0.000546694,"t":469155}]}]}