{"id":868087,"laps":[{"lapNumber":0,"telemetry":[{"perc":0,"percD":0.00714286,"t":467412},{"perc":0.04056,"percD":0.00032448,"t":467420}]}]}