{"id":402468,"laps":[{"lapNumber":0,"telemetry":[{"perc":0,"percD":0.00714286,"t":467669},{"perc":0.0635153,"percD":0.000450463,"t":467678}]}]}