{"id":643236,"laps":[{"lapNumber":21,"telemetry":[{"perc":0.0528419,"percD":0.00067746,"t":194481}]}]}