{"id":402468,"laps":[{"lapNumber":14,"telemetry":[{"perc":0.0554205,"percD":0.00071052,"t":194481}]}]}