{"id":844807,"laps":[{"lapNumber":0,"telemetry":[{"perc":0,"percD":0.0322581,"t":271883},{"perc":0.0470635,"percD":0.00147074,"t":271885}]}]}