{"id":402468,"laps":[{"lapNumber":0,"telemetry":[{"perc":0,"percD":0.0070922,"t":419163},{"perc":0.0276068,"percD":0.000195793,"t":419171},{"perc":0.0300417,"percD":0.00000271232,"t":420445}]}]}