{"id":643236,"laps":[{"lapNumber":0,"telemetry":[{"perc":0,"percD":0.00636943,"t":437995},{"perc":0.0317971,"percD":0.000203827,"t":438004}]}]}