{"id":484369,"laps":[{"lapNumber":0,"telemetry":[{"perc":0,"percD":0.00641026,"t":435232},{"perc":0.0104754,"percD":0.0000671497,"t":435242}]}]}